,accuracy,loss,val_accuracy,val_loss,time
0,0.009940000250935555,0.10619577765464783,0.009999999776482582,0.1013260930776596,3.8279950618743896
1,0.010280000045895576,0.10105670243501663,0.009499999694526196,0.10053489357233047,1.834214448928833
