,accuracy,loss,val_accuracy,val_loss,time
0,0.00989999994635582,0.042634617537260056,0.011500000022351742,0.025611121207475662,3.7363393306732178
1,0.009639999829232693,0.02114720456302166,0.01080000028014183,0.0193670354783535,1.818021297454834
