,accuracy,loss,val_accuracy,val_loss,time
0,0.008379999548196793,2.0612850189208984,0.007600000128149986,2.047229766845703,4.1026930809021
1,0.007960000075399876,2.0526654720306396,0.006300000008195639,2.0639634132385254,1.8089585304260254
