,accuracy,loss,val_accuracy,val_loss,time
0,0.009999999776482582,9.029685974121094,0.009999999776482582,9.372056007385254,3.7371771335601807
1,0.009999999776482582,8.701711654663086,0.009999999776482582,8.58285903930664,1.7388951778411865
