,accuracy,loss,val_accuracy,val_loss,time
0,0.009999999776482582,1.0040837526321411,0.00989999994635582,1.0016124248504639,3.614971399307251
1,0.009820000268518925,1.0009260177612305,0.010099999606609344,1.000640630722046,1.656264305114746
