,accuracy,loss,val_accuracy,val_loss,time
0,0.010060000233352184,2.068777322769165,0.009800000116229057,2.0664114952087402,3.7865383625030518
