,accuracy,loss,val_accuracy,val_loss,time
0,0.010359999723732471,1.0053279399871826,0.008500000461935997,1.0011380910873413,3.865753650665283
