,accuracy,loss,val_accuracy,val_loss,time
0,0.01583999954164028,-0.09049462527036667,0.024000000208616257,-0.10705020278692245,3.614107847213745
