,accuracy,loss,val_accuracy,val_loss,time
0,0.01696000061929226,-0.09196921437978745,0.0284000001847744,-0.10788450390100479,3.5518441200256348
1,0.04334000125527382,-0.11417398601770401,0.05649999901652336,-0.12102057784795761,1.708327293395996
