,accuracy,loss,val_accuracy,val_loss,time
0,0.010300000198185444,0.2728866934776306,0.012000000104308128,0.03276415169239044,3.658656358718872
