,accuracy,loss,val_accuracy,val_loss,time
0,0.01372000016272068,0.004966329783201218,0.016699999570846558,0.004947807639837265,3.6271302700042725
