,accuracy,loss,val_accuracy,val_loss,time
0,0.009999999776482582,4.2889509201049805,0.009999999776482582,3.03764009475708,3.6355011463165283
