,accuracy,loss,val_accuracy,val_loss,time
0,0.010060000233352184,0.29078537225723267,0.009399999864399433,0.033210378140211105,3.699300527572632
1,0.008580000139772892,0.028657378628849983,0.011500000022351742,0.025491461157798767,1.7062106132507324
