,accuracy,loss,val_accuracy,val_loss,time
0,0.014600000344216824,0.004325452260673046,0.01730000041425228,0.0043082451447844505,4.127301454544067
