,accuracy,loss,val_accuracy,val_loss,time
0,0.014539999887347221,0.009986072778701782,0.015399999916553497,0.009897839277982712,3.5589423179626465
