,accuracy,loss,val_accuracy,val_loss,time
0,0.01688000001013279,0.004785052500665188,0.02850000001490116,0.0047700549475848675,3.543163299560547
