,accuracy,loss,val_accuracy,val_loss,time
0,0.010200000368058681,1708100.25,0.010099999606609344,128695.5234375,3.618562936782837
