,accuracy,loss,val_accuracy,val_loss,time
0,0.01522000040858984,0.004971315152943134,0.019600000232458115,0.0049473876133561134,3.606210470199585
1,0.02710000053048134,0.004944032058119774,0.030899999663233757,0.004940489772707224,1.6676688194274902
