,accuracy,loss,val_accuracy,val_loss,time
0,0.009999999776482582,5.800172805786133,0.00989999994635582,4.6335673332214355,3.9845118522644043
1,0.00965999998152256,4.324699401855469,0.009999999776482582,4.067709922790527,1.6746420860290527
