,accuracy,loss,val_accuracy,val_loss,time
0,0.014820000156760216,0.004315063823014498,0.024000000208616257,0.004305965267121792,3.478449583053589
1,0.028440000489354134,0.00430394196882844,0.03759999945759773,0.004301478620618582,1.6549296379089355
