,accuracy,loss,val_accuracy,val_loss,time
0,0.009359999559819698,0.2723386585712433,0.009499999694526196,0.049388300627470016,3.6497960090637207
