mse,mae,wcd,arem,er,mhd
34.25,4.25,17,3.03974e-06,68.75,1.40494
