accuracy,loss,val_accuracy,val_loss
0.3541666567325592,1.768426775932312,0.45432692766189575,1.4994992017745972
