accuracy,loss,val_accuracy,val_loss
0.3999398946762085,1.6465349197387695,0.48988381028175354,1.439860463142395
