mse,mae,wcd,er,mhd
7.28291e+06,2016,8064,98.053,5.06102
