,accuracy,loss,val_accuracy,val_loss,time
0,0.010040000081062317,0.041054390370845795,0.009700000286102295,0.02382410690188408,3.6376185417175293
