,accuracy,loss,val_accuracy,val_loss,time
0,0.009239999577403069,0.04293697327375412,0.00860000029206276,0.025489788502454758,3.8218789100646973
