,accuracy,loss,val_accuracy,val_loss,time
0,0.010060000233352184,0.03619444742798805,0.010400000028312206,0.019042808562517166,5.538911819458008
