,accuracy,loss,val_accuracy,val_loss,time
0,0.01001999992877245,0.03493441268801689,0.009999999776482582,0.018865123391151428,5.842355966567993
