,accuracy,loss,val_accuracy,val_loss,time
0,0.011640000157058239,0.0329132042825222,0.011300000362098217,0.018995558843016624,5.970793008804321
