,accuracy,loss,val_accuracy,val_loss,time
0,0.011239999905228615,0.030267789959907532,0.01549999974668026,0.018124595284461975,6.019546031951904
