,accuracy,loss,val_accuracy,val_loss,time
0,0.009759999811649323,0.03499741852283478,0.00989999994635582,0.018970046192407608,6.15261173248291
