,accuracy,loss,val_accuracy,val_loss,time
0,0.01080000028014183,0.029516147449612617,0.01269999984651804,0.018249230459332466,6.561089277267456
