,accuracy,loss,val_accuracy,val_loss,time
0,0.009340000338852406,0.03553782403469086,0.008999999612569809,0.01851494424045086,6.495248079299927
