,accuracy,loss,val_accuracy,val_loss,time
0,0.009940000250935555,0.033079594373703,0.011900000274181366,0.018504315987229347,6.77215051651001
