,accuracy,loss,val_accuracy,val_loss,time
0,0.009840000420808792,0.055579982697963715,0.009499999694526196,0.03494049981236458,3.193784713745117
