,accuracy,loss,val_accuracy,val_loss,time
0,0.009039999917149544,0.0656655952334404,0.006800000090152025,0.048857755959033966,2.9693050384521484
