,accuracy,loss,val_accuracy,val_loss,time
0,0.010180000215768814,0.05531429871916771,0.009999999776482582,0.039424069225788116,2.951251268386841
