,accuracy,loss,val_accuracy,val_loss,time
0,0.009080000221729279,0.06288398802280426,0.012299999594688416,0.04463460296392441,3.094954490661621
