,accuracy,loss,val_accuracy,val_loss,time
0,0.010080000385642052,0.04799696058034897,0.010200000368058681,0.030790293589234352,3.185940742492676
