,accuracy,loss,val_accuracy,val_loss,time
0,0.00977999996393919,0.05627261474728584,0.009700000286102295,0.04001661390066147,2.973630428314209
