,accuracy,loss,val_accuracy,val_loss,time
0,0.009359999559819698,0.04886132851243019,0.009600000455975533,0.029659142717719078,3.222036361694336
