,accuracy,loss,val_accuracy,val_loss,time
0,0.010099999606609344,0.04496074840426445,0.009600000455975533,0.026478519663214684,4.032715797424316
