,accuracy,loss,val_accuracy,val_loss,time
0,0.009180000051856041,0.05605648458003998,0.00860000029206276,0.03309941291809082,3.3552451133728027
