,accuracy,loss,val_accuracy,val_loss,time
0,0.010280000045895576,0.042760882526636124,0.011699999682605267,0.023786377161741257,3.500931978225708
