,accuracy,loss,val_accuracy,val_loss,time
0,0.01001999992877245,0.05405282974243164,0.012199999764561653,0.03429413586854935,3.554797887802124
