,accuracy,loss,val_accuracy,val_loss,time
0,0.010200000368058681,0.04065530747175217,0.009499999694526196,0.021663803607225418,3.5733299255371094
