,accuracy,loss,val_accuracy,val_loss,time
0,0.009519999846816063,0.0428377166390419,0.012000000104308128,0.022613052278757095,3.7692019939422607
