,accuracy,loss,val_accuracy,val_loss,time
0,0.010300000198185444,0.040800973773002625,0.00930000003427267,0.021220821887254715,4.081487417221069
