,accuracy,loss,val_accuracy,val_loss,time
0,0.010999999940395355,0.040495291352272034,0.01080000028014183,0.021031588315963745,3.89097261428833
