,accuracy,loss,val_accuracy,val_loss,time
0,0.009619999676942825,0.03417227789759636,0.009100000374019146,0.01879987120628357,4.26589560508728
