,accuracy,loss,val_accuracy,val_loss,time
0,0.011099999770522118,0.032021574676036835,0.011099999770522118,0.019244477152824402,4.360244035720825
