,accuracy,loss,val_accuracy,val_loss,time
0,0.008960000239312649,0.03845502808690071,0.007400000002235174,0.020854873582720757,4.688293695449829
