,accuracy,loss,val_accuracy,val_loss,time
0,0.010440000332891941,0.04426207393407822,0.008999999612569809,0.024367744103074074,4.755101203918457
