,accuracy,loss,val_accuracy,val_loss,time
0,0.010339999571442604,0.03541114553809166,0.00989999994635582,0.018735088407993317,5.019612789154053
