,accuracy,loss,val_accuracy,val_loss,time
0,0.010259999893605709,0.03155338764190674,0.013100000098347664,0.01841997541487217,5.038432359695435
