,accuracy,loss,val_accuracy,val_loss,time
0,0.00989999994635582,0.036299604922533035,0.010300000198185444,0.02139817364513874,5.508166551589966
