,accuracy,loss,val_accuracy,val_loss,time
0,0.009720000438392162,0.07142143696546555,0.015300000086426735,0.06509120762348175,10.808464527130127
