,accuracy,loss,val_accuracy,val_loss,time
0,0.02315555512905121,0.15200567245483398,0.02800000086426735,0.13431601226329803,5.450258493423462
1,0.02871111035346985,0.13401295244693756,0.03377777710556984,0.1331154853105545,4.860305547714233
2,0.035155557096004486,0.13348683714866638,0.04244444519281387,0.13259558379650116,4.671492576599121
3,0.05022222176194191,0.13286159932613373,0.04955555498600006,0.13201558589935303,5.146465063095093
4,0.05675555393099785,0.13240398466587067,0.058888889849185944,0.13164843618869781,5.111209392547607
