,accuracy,loss,val_accuracy,val_loss,time
0,0.03508000075817108,0.1678541600704193,0.04439999908208847,0.15735457837581635,5.6694676876068115
1,0.029319999739527702,0.13120590150356293,0.022600000724196434,0.1112724170088768,5.412553787231445
2,0.031120000407099724,0.11130767315626144,0.04639999940991402,0.11048272252082825,5.260595083236694
3,0.047839999198913574,0.11087609827518463,0.06080000102519989,0.11004004627466202,5.503873825073242
4,0.06936000287532806,0.11036114394664764,0.08640000224113464,0.10943540930747986,5.515615463256836
