,accuracy,loss,val_accuracy,val_loss,time
0,0.018581818789243698,0.10628045350313187,0.030909091234207153,0.09507636725902557,6.344844818115234
1,0.03480000048875809,0.09495659917593002,0.032181818038225174,0.09018593281507492,10.861037731170654
2,0.04127272590994835,0.07681659609079361,0.049454543739557266,0.07002871483564377,5.912456035614014
3,0.0496363639831543,0.07006357610225677,0.05636363476514816,0.06950908154249191,6.021902084350586
4,0.06378182023763657,0.06959238648414612,0.07581818103790283,0.06900157034397125,5.939439296722412
