,accuracy,loss,val_accuracy,val_loss,time
0,0.02106666751205921,0.1112021803855896,0.02916666679084301,0.10240597277879715,7.193272829055786
