,accuracy,loss,val_accuracy,val_loss,time
0,0.016830768436193466,0.09579968452453613,0.016461538150906563,0.0832301452755928,7.171618461608887
