,accuracy,loss,val_accuracy,val_loss,time
0,0.016742857173085213,0.097819022834301,0.018285714089870453,0.09094858914613724,7.478891372680664
