,accuracy,loss,val_accuracy,val_loss,time
0,0.02130666747689247,0.0929165706038475,0.030533334240317345,0.09071410447359085,7.975556135177612
