,accuracy,loss,val_accuracy,val_loss,time
0,0.015049999579787254,0.09235730022192001,0.017625000327825546,0.08245109021663666,9.171076774597168
