,accuracy,loss,val_accuracy,val_loss,time
0,0.014188235625624657,0.08307690918445587,0.01541176438331604,0.0779690369963646,9.236615896224976
