,accuracy,loss,val_accuracy,val_loss,time
0,0.01364444475620985,0.07143852114677429,0.01644444465637207,0.06022235006093979,10.213927507400513
