,accuracy,loss,val_accuracy,val_loss,time
0,0.015010526403784752,0.08465047180652618,0.02631578966975212,0.0815039575099945,10.341799259185791
