accuracy,accuracy_val,time
0.2322,0.245,1045.227664232254
accuracy,accuracy_val,time
0.2498,0.264,2148.309344291687
