,accuracy,loss,val_accuracy,val_loss,time
0,0.013500000350177288,0.011460300534963608,0.012400000356137753,0.011444891802966595,4.164090871810913
1,0.013100000098347664,0.011407607235014439,0.012299999594688416,0.011392055079340935,1.7428743839263916
