,accuracy,loss,val_accuracy,val_loss,time
0,0.010520000010728836,0.1053173691034317,0.009600000455975533,0.10024984925985336,3.8377246856689453
1,0.013179999776184559,0.0989258661866188,0.013199999928474426,0.09865517169237137,1.8143508434295654
