,accuracy,loss,val_accuracy,val_loss,time
0,0.009979999624192715,,0.009999999776482582,,4.059279918670654
1,0.009999999776482582,,0.009999999776482582,,1.5706491470336914
