,accuracy,loss,val_accuracy,val_loss,time
0,0.00965999998152256,0.03750830143690109,0.0066999997943639755,0.022360315546393394,3.9105401039123535
1,0.009320000186562538,0.01968705654144287,0.010200000368058681,0.01853226311504841,1.8245470523834229
