,accuracy,loss,val_accuracy,val_loss,time
0,0.008440000005066395,0.011828670278191566,0.008500000461935997,0.011684351600706577,3.188096284866333
1,0.008419999852776527,0.011538781225681305,0.008500000461935997,0.011426429264247417,1.5351300239562988
