,accuracy,loss,val_accuracy,val_loss,time
0,0.01351999957114458,0.009952003136277199,0.017000000923871994,0.009893141686916351,3.5328927040100098
1,0.0272000003606081,0.009881384670734406,0.029400000348687172,0.00986538827419281,1.6464793682098389
