,accuracy,loss,val_accuracy,val_loss,time
0,0.009940000250935555,1.0038681030273438,0.009999999776482582,1.0020214319229126,3.592881202697754
1,0.00989999994635582,1.0010915994644165,0.009999999776482582,1.000573754310608,1.6955170631408691
