,accuracy,loss,val_accuracy,val_loss,time
0,0.009739999659359455,8.450117111206055,0.00989999994635582,8.528020858764648,3.961718797683716
1,0.009979999624192715,8.355202674865723,0.00989999994635582,8.219536781311035,1.8460493087768555
