,accuracy,loss,val_accuracy,val_loss,time
0,0.011140000075101852,2.094525098800659,0.010300000198185444,2.082047939300537,3.6916444301605225
1,0.01056000031530857,2.0814754962921143,0.010499999858438969,2.0702850818634033,1.8866219520568848
