,accuracy,loss,val_accuracy,val_loss,time
0,0.011140000075101852,0.009945726953446865,0.01360000018030405,0.009897329844534397,3.7405271530151367
1,0.020640000700950623,0.009890942834317684,0.029100000858306885,0.009878473356366158,1.5777318477630615
