,accuracy,loss,val_accuracy,val_loss,time
0,0.011099999770522118,0.009974580258131027,0.016699999570846558,0.009900183416903019,3.4685885906219482
1,0.02126000076532364,0.00989502016454935,0.025100000202655792,0.009889290668070316,1.577455759048462
