,accuracy,loss,val_accuracy,val_loss,time
0,0.017720000818371773,-0.09508701413869858,0.02969999983906746,-0.10566776990890503,3.6331324577331543
1,0.03936000168323517,-0.11172530800104141,0.04830000177025795,-0.1186063289642334,1.695072889328003
