,accuracy,loss,val_accuracy,val_loss,time
0,0.009200000204145908,0.010013356804847717,0.009999999776482582,0.009998762048780918,3.9453980922698975
1,0.009279999881982803,0.009998159483075142,0.009999999776482582,0.00999754574149847,1.5824966430664062
