,accuracy,loss,val_accuracy,val_loss,time
0,0.011119999922811985,0.3050224483013153,0.012000000104308128,0.03453961759805679,3.6350905895233154
1,0.008440000005066395,0.030208418145775795,0.00800000037997961,0.027142688632011414,1.6666185855865479
