,accuracy,loss,val_accuracy,val_loss,time
0,0.010459999553859234,0.00996326096355915,0.009999999776482582,0.009903318248689175,3.2097787857055664
1,0.009759999811649323,0.009904298931360245,0.009999999776482582,0.009903145022690296,1.5958549976348877
