,accuracy,loss,val_accuracy,val_loss,time
0,0.012600000016391277,0.004966806620359421,0.01860000006854534,0.004947930108755827,4.0863196849823
1,0.024979999288916588,0.004944481886923313,0.03139999881386757,0.004940911196172237,1.6756298542022705
