,accuracy,loss,val_accuracy,val_loss,time
0,0.017740000039339066,0.0099182715639472,0.03840000182390213,0.009876505471765995,3.7918808460235596
1,0.04774000123143196,0.009848702698946,0.055399999022483826,0.009820513427257538,1.5867962837219238
