,accuracy,loss,val_accuracy,val_loss,time
0,0.008999999612569809,6.294296741485596,0.009499999694526196,5.013912200927734,3.473973035812378
1,0.009399999864399433,4.31955099105835,0.009600000455975533,3.8173301219940186,1.7164103984832764
