,accuracy,loss,val_accuracy,val_loss,time
0,0.013020000420510769,0.009942191652953625,0.015300000086426735,0.00990302860736847,3.283970832824707
1,0.014700000174343586,0.009900874458253384,0.015799999237060547,0.00989868026226759,1.552318811416626
