,accuracy,loss,val_accuracy,val_loss,time
0,0.014539999887347221,0.004320820793509483,0.019999999552965164,0.004307995550334454,3.38026762008667
1,0.023600000888109207,0.004306549206376076,0.030300000682473183,0.004305010195821524,1.6594491004943848
