,accuracy,loss,val_accuracy,val_loss,time
0,0.010239999741315842,0.012341516092419624,0.009700000286102295,0.011650186963379383,2.813323497772217
1,0.010459999553859234,0.011232243850827217,0.010300000198185444,0.010943586006760597,1.5675294399261475
