,accuracy,loss,val_accuracy,val_loss,time
0,0.0785600021481514,0.009704465977847576,0.09880000352859497,0.009626689366996288,3.381652593612671
1,0.11230000108480453,0.009543449617922306,0.12470000237226486,0.009471067227423191,2.665167808532715
