,accuracy,loss,val_accuracy,val_loss,time
0,0.13553999364376068,0.009405209682881832,0.1412000060081482,0.009390456601977348,3.2084896564483643
1,0.15097999572753906,0.009307576343417168,0.1501999944448471,0.009322679601609707,2.607187032699585
