,accuracy,loss,val_accuracy,val_loss,time
0,0.16264000535011292,0.009225198067724705,0.15690000355243683,0.009274685755372047,3.1273131370544434
1,0.17329999804496765,0.00915195420384407,0.1655000001192093,0.009230467490851879,2.82718825340271
