,accuracy,loss,val_accuracy,val_loss,time
0,0.18257999420166016,0.009084869176149368,0.17229999601840973,0.009161720052361488,3.2214412689208984
1,0.19269999861717224,0.009008352644741535,0.17839999496936798,0.009117878042161465,2.5579700469970703
