,accuracy,loss,val_accuracy,val_loss,time
0,0.20382000505924225,0.008941269479691982,0.18490000069141388,0.00908201839774847,3.310091495513916
1,0.2121800035238266,0.008876237086951733,0.18700000643730164,0.009053217247128487,2.6608729362487793
