,accuracy,loss,val_accuracy,val_loss,time
0,0.21845999360084534,0.008821321651339531,0.19020000100135803,0.00902225449681282,3.108924627304077
1,0.2251800000667572,0.00876479223370552,0.19439999759197235,0.009003335610032082,2.388606309890747
