,accuracy,loss,val_accuracy,val_loss,time
0,0.2275400012731552,0.008761969394981861,0.20239999890327454,0.008991817943751812,3.070037603378296
1,0.23622000217437744,0.008690928108990192,0.20550000667572021,0.00897801574319601,2.586320400238037
