mse,mae,wcd,er,mhd
0.996094,0.748047,2,62.4023,0.980469
